Sheet,Reference,Value,Pin,Pin name,Electrical type,Net,Footprint
/MCU/,BT1,CR2032 holder,1,+,passive,Net-(BT1-+),Power_Output_Custom:KLS_CR2032_05
/MCU/,BT1,CR2032 holder,2,-,passive,GND,Power_Output_Custom:KLS_CR2032_05
/USB_PD_CONTROLLER/,C1,100 nF,1,,passive,Net-(U1-V18),Capacitor_SMD:C_0402_1005Metric
/USB_PD_CONTROLLER/,C1,100 nF,2,,passive,GND,Capacitor_SMD:C_0402_1005Metric
/MCU/,C10,100nF,1,,passive,Net-(U4-VBACKUP),Capacitor_SMD:C_0402_1005Metric
/MCU/,C10,100nF,2,,passive,GND,Capacitor_SMD:C_0402_1005Metric
/POWER SENSING/,C11,100nF,1,,passive,+3.3V,Capacitor_SMD:C_0402_1005Metric
/POWER SENSING/,C11,100nF,2,,passive,GND,Capacitor_SMD:C_0402_1005Metric
/POWER GENERATION/,C12,10uF,1,,passive,PD_VOUT,Capacitor_SMD:C_1210_3225Metric
/POWER GENERATION/,C12,10uF,2,,passive,GND,Capacitor_SMD:C_1210_3225Metric
/POWER GENERATION/,C13,10uF,1,,passive,PD_VOUT,Capacitor_SMD:C_1210_3225Metric
/POWER GENERATION/,C13,10uF,2,,passive,GND,Capacitor_SMD:C_1210_3225Metric
/POWER GENERATION/,C14,100nF,1,,passive,PD_VOUT,Capacitor_SMD:C_0402_1005Metric
/POWER GENERATION/,C14,100nF,2,,passive,GND,Capacitor_SMD:C_0402_1005Metric
/POWER GENERATION/,C15,47uF,1,,passive,+3.3V,Capacitor_SMD:C_1210_3225Metric
/POWER GENERATION/,C15,47uF,2,,passive,GND,Capacitor_SMD:C_1210_3225Metric
/POWER GENERATION/,C16,47uF,1,,passive,+3.3V,Capacitor_SMD:C_1210_3225Metric
/POWER GENERATION/,C16,47uF,2,,passive,GND,Capacitor_SMD:C_1210_3225Metric
/POWER GENERATION/,C17,100nF / 16V,1,,passive,Net-(U5-BST),Capacitor_SMD:C_0402_1005Metric
/POWER GENERATION/,C17,100nF / 16V,2,,passive,/POWER GENERATION/LX_SW,Capacitor_SMD:C_0402_1005Metric
/POWER GENERATION/,C18,10nF,1,,passive,/POWER GENERATION/SS_RAMP,Capacitor_SMD:C_0402_1005Metric
/POWER GENERATION/,C18,10nF,2,,passive,GND,Capacitor_SMD:C_0402_1005Metric
/POWER GENERATION/,C19,18nF / 16V,1,,passive,Net-(C19-Pad1),Capacitor_SMD:C_0402_1005Metric
/POWER GENERATION/,C19,18nF / 16V,2,,passive,GND,Capacitor_SMD:C_0402_1005Metric
/USB_PD_CONTROLLER/,C2,100 nF,1,,passive,Net-(U1-IFB),Capacitor_SMD:C_0402_1005Metric
/USB_PD_CONTROLLER/,C2,100 nF,2,,passive,GND,Capacitor_SMD:C_0402_1005Metric
/USER INTERFACE/,C20,22uF,1,,passive,+3.3V,Capacitor_SMD:C_1206_3216Metric
/USER INTERFACE/,C20,22uF,2,,passive,GND,Capacitor_SMD:C_1206_3216Metric
/USER INTERFACE/,C21,22uF,1,,passive,BACKLIGHT_4V2,Capacitor_SMD:C_1206_3216Metric
/USER INTERFACE/,C21,22uF,2,,passive,GND,Capacitor_SMD:C_1206_3216Metric
/USER INTERFACE/,C22,100nF / 16V,1,,passive,BACKLIGHT_4V2,Capacitor_SMD:C_0402_1005Metric
/USER INTERFACE/,C22,100nF / 16V,2,,passive,GND,Capacitor_SMD:C_0402_1005Metric
/USB_PD_CONTROLLER/,C3,1uF / 50V,1,,passive,PD_VBUS_SENSED,Capacitor_SMD:C_0805_2012Metric
/USB_PD_CONTROLLER/,C3,1uF / 50V,2,,passive,GND,Capacitor_SMD:C_0805_2012Metric
/USB_PD_CONTROLLER/,C4,1uF / 10V,1,,passive,PD_5V,Capacitor_SMD:C_0402_1005Metric
/USB_PD_CONTROLLER/,C4,1uF / 10V,2,,passive,GND,Capacitor_SMD:C_0402_1005Metric
/MCU/,C5,22uF,1,,passive,+3.3V,Capacitor_SMD:C_0805_2012Metric
/MCU/,C5,22uF,2,,passive,GND,Capacitor_SMD:C_0805_2012Metric
/MCU/,C6,100nF,1,,passive,+3.3V,Capacitor_SMD:C_0402_1005Metric
/MCU/,C6,100nF,2,,passive,GND,Capacitor_SMD:C_0402_1005Metric
/MCU/,C7,1uF,1,,passive,GND,Capacitor_SMD:C_0402_1005Metric
/MCU/,C7,1uF,2,,passive,Net-(U2-EN/CHIP_PU),Capacitor_SMD:C_0402_1005Metric
/USB_PD_CONTROLLER/,C8,10uF / 50V,1,,passive,PD_VOUT,Capacitor_SMD:C_1210_3225Metric
/USB_PD_CONTROLLER/,C8,10uF / 50V,2,,passive,GND,Capacitor_SMD:C_1210_3225Metric
/MCU/,C9,100nF,1,,passive,+3.3V,Capacitor_SMD:C_0402_1005Metric
/MCU/,C9,100nF,2,,passive,GND,Capacitor_SMD:C_0402_1005Metric
/USB_PD_CONTROLLER/,D1,LED,1,K,passive,GND,LED_SMD:LED_0402_1005Metric
/USB_PD_CONTROLLER/,D1,LED,2,A,passive,Net-(D1-A),LED_SMD:LED_0402_1005Metric
/POWER GENERATION/,D2,SS2060FL_R1_00001,1,K,passive,/POWER GENERATION/LX_SW,Diode_SMD:D_SOD-123F
/POWER GENERATION/,D2,SS2060FL_R1_00001,2,A,passive,GND,Diode_SMD:D_SOD-123F
/USB_C_INPUT/,D3,AQ3130E-01ETG (bidirectional),1,A1,passive,GND,Diode_SMD:D_SOD-882
/USB_C_INPUT/,D3,AQ3130E-01ETG (bidirectional),2,A2,passive,USB_VBUS,Diode_SMD:D_SOD-882
/USB_C_INPUT/,D4,AQ3130E-01ETG (bidirectional),1,A1,passive,USB_CC1,Diode_SMD:D_SOD-882
/USB_C_INPUT/,D4,AQ3130E-01ETG (bidirectional),2,A2,passive,GND,Diode_SMD:D_SOD-882
/USB_C_INPUT/,D5,AQ3130E-01ETG (bidirectional),1,A1,passive,USB_CC2,Diode_SMD:D_SOD-882
/USB_C_INPUT/,D5,AQ3130E-01ETG (bidirectional),2,A2,passive,GND,Diode_SMD:D_SOD-882
/USB_C_INPUT/,J1,DX07B024JJ1R1500,A1,GND,passive,GND,USB_Connector_Custom:JAE_DX07B024JJ1R1500
/USB_C_INPUT/,J1,DX07B024JJ1R1500,A2,TX1+,bidirectional,unconnected-(J1-TX1+-PadA2),USB_Connector_Custom:JAE_DX07B024JJ1R1500
/USB_C_INPUT/,J1,DX07B024JJ1R1500,A3,TX1-,bidirectional,unconnected-(J1-TX1--PadA3),USB_Connector_Custom:JAE_DX07B024JJ1R1500
/USB_C_INPUT/,J1,DX07B024JJ1R1500,A4,VBUS,passive,USB_VBUS,USB_Connector_Custom:JAE_DX07B024JJ1R1500
/USB_C_INPUT/,J1,DX07B024JJ1R1500,A5,CC1,bidirectional,USB_CC1,USB_Connector_Custom:JAE_DX07B024JJ1R1500
/USB_C_INPUT/,J1,DX07B024JJ1R1500,A6,D+,bidirectional,USB_DP,USB_Connector_Custom:JAE_DX07B024JJ1R1500
/USB_C_INPUT/,J1,DX07B024JJ1R1500,A7,D-,bidirectional,USB_DM,USB_Connector_Custom:JAE_DX07B024JJ1R1500
/USB_C_INPUT/,J1,DX07B024JJ1R1500,A8,SBU1,bidirectional,unconnected-(J1-SBU1-PadA8),USB_Connector_Custom:JAE_DX07B024JJ1R1500
/USB_C_INPUT/,J1,DX07B024JJ1R1500,A9,VBUS,passive,USB_VBUS,USB_Connector_Custom:JAE_DX07B024JJ1R1500
/USB_C_INPUT/,J1,DX07B024JJ1R1500,B1,GND,passive,GND,USB_Connector_Custom:JAE_DX07B024JJ1R1500
/USB_C_INPUT/,J1,DX07B024JJ1R1500,B2,TX2+,bidirectional,unconnected-(J1-TX2+-PadB2),USB_Connector_Custom:JAE_DX07B024JJ1R1500
/USB_C_INPUT/,J1,DX07B024JJ1R1500,B3,TX2-,bidirectional,unconnected-(J1-TX2--PadB3),USB_Connector_Custom:JAE_DX07B024JJ1R1500
/USB_C_INPUT/,J1,DX07B024JJ1R1500,B4,VBUS,passive,USB_VBUS,USB_Connector_Custom:JAE_DX07B024JJ1R1500
/USB_C_INPUT/,J1,DX07B024JJ1R1500,B5,CC2,bidirectional,USB_CC2,USB_Connector_Custom:JAE_DX07B024JJ1R1500
/USB_C_INPUT/,J1,DX07B024JJ1R1500,B6,D+,bidirectional,USB_DP,USB_Connector_Custom:JAE_DX07B024JJ1R1500
/USB_C_INPUT/,J1,DX07B024JJ1R1500,B7,D-,bidirectional,USB_DM,USB_Connector_Custom:JAE_DX07B024JJ1R1500
/USB_C_INPUT/,J1,DX07B024JJ1R1500,B8,SBU2,bidirectional,unconnected-(J1-SBU2-PadB8),USB_Connector_Custom:JAE_DX07B024JJ1R1500
/USB_C_INPUT/,J1,DX07B024JJ1R1500,B9,VBUS,passive,USB_VBUS,USB_Connector_Custom:JAE_DX07B024JJ1R1500
/USB_C_INPUT/,J1,DX07B024JJ1R1500,SH,SHIELD,passive,GND,USB_Connector_Custom:JAE_DX07B024JJ1R1500
/USB_C_INPUT/,J1,DX07B024JJ1R1500,A10,RX2-,bidirectional,unconnected-(J1-RX2--PadA10),USB_Connector_Custom:JAE_DX07B024JJ1R1500
/USB_C_INPUT/,J1,DX07B024JJ1R1500,A11,RX2+,bidirectional,unconnected-(J1-RX2+-PadA11),USB_Connector_Custom:JAE_DX07B024JJ1R1500
/USB_C_INPUT/,J1,DX07B024JJ1R1500,A12,GND,passive,GND,USB_Connector_Custom:JAE_DX07B024JJ1R1500
/USB_C_INPUT/,J1,DX07B024JJ1R1500,B10,RX1-,bidirectional,unconnected-(J1-RX1--PadB10),USB_Connector_Custom:JAE_DX07B024JJ1R1500
/USB_C_INPUT/,J1,DX07B024JJ1R1500,B11,RX1+,bidirectional,unconnected-(J1-RX1+-PadB11),USB_Connector_Custom:JAE_DX07B024JJ1R1500
/USB_C_INPUT/,J1,DX07B024JJ1R1500,B12,GND,passive,GND,USB_Connector_Custom:JAE_DX07B024JJ1R1500
/MCU/,J2,DS1021-1X3SF11-B,1,1,passive,/MCU/UART_TX,CONNFLY_DS1021-1X3SF11-B:CONNFLY_DS1021-1X3SF11-B
/MCU/,J2,DS1021-1X3SF11-B,2,2,passive,/MCU/UART_RX,CONNFLY_DS1021-1X3SF11-B:CONNFLY_DS1021-1X3SF11-B
/MCU/,J2,DS1021-1X3SF11-B,3,3,passive,GND,CONNFLY_DS1021-1X3SF11-B:CONNFLY_DS1021-1X3SF11-B
/USER INTERFACE/,J3,NHD-2.4-240320AF-CSXP,1,Pin_1,passive,GND,Molex_541324062:CON_541324062_MOL
/USER INTERFACE/,J3,NHD-2.4-240320AF-CSXP,2,Pin_2,passive,unconnected-(J3-Pin_2-Pad2),Molex_541324062:CON_541324062_MOL
/USER INTERFACE/,J3,NHD-2.4-240320AF-CSXP,3,Pin_3,passive,unconnected-(J3-Pin_3-Pad3),Molex_541324062:CON_541324062_MOL
/USER INTERFACE/,J3,NHD-2.4-240320AF-CSXP,4,Pin_4,passive,unconnected-(J3-Pin_4-Pad4),Molex_541324062:CON_541324062_MOL
/USER INTERFACE/,J3,NHD-2.4-240320AF-CSXP,5,Pin_5,passive,unconnected-(J3-Pin_5-Pad5),Molex_541324062:CON_541324062_MOL
/USER INTERFACE/,J3,NHD-2.4-240320AF-CSXP,6,Pin_6,passive,unconnected-(J3-Pin_6-Pad6),Molex_541324062:CON_541324062_MOL
/USER INTERFACE/,J3,NHD-2.4-240320AF-CSXP,7,Pin_7,passive,+3.3V,Molex_541324062:CON_541324062_MOL
/USER INTERFACE/,J3,NHD-2.4-240320AF-CSXP,8,Pin_8,passive,+3.3V,Molex_541324062:CON_541324062_MOL
/USER INTERFACE/,J3,NHD-2.4-240320AF-CSXP,9,Pin_9,passive,TFT_MOSI,Molex_541324062:CON_541324062_MOL
/USER INTERFACE/,J3,NHD-2.4-240320AF-CSXP,10,Pin_10,passive,TFT_CS,Molex_541324062:CON_541324062_MOL
/USER INTERFACE/,J3,NHD-2.4-240320AF-CSXP,11,Pin_11,passive,TFT_SCLK,Molex_541324062:CON_541324062_MOL
/USER INTERFACE/,J3,NHD-2.4-240320AF-CSXP,12,Pin_12,passive,TFT_DC,Molex_541324062:CON_541324062_MOL
/USER INTERFACE/,J3,NHD-2.4-240320AF-CSXP,13,Pin_13,passive,GND,Molex_541324062:CON_541324062_MOL
/USER INTERFACE/,J3,NHD-2.4-240320AF-CSXP,14,Pin_14,passive,GND,Molex_541324062:CON_541324062_MOL
/USER INTERFACE/,J3,NHD-2.4-240320AF-CSXP,15,Pin_15,passive,GND,Molex_541324062:CON_541324062_MOL
/USER INTERFACE/,J3,NHD-2.4-240320AF-CSXP,16,Pin_16,passive,GND,Molex_541324062:CON_541324062_MOL
/USER INTERFACE/,J3,NHD-2.4-240320AF-CSXP,17,Pin_17,passive,GND,Molex_541324062:CON_541324062_MOL
/USER INTERFACE/,J3,NHD-2.4-240320AF-CSXP,18,Pin_18,passive,GND,Molex_541324062:CON_541324062_MOL
/USER INTERFACE/,J3,NHD-2.4-240320AF-CSXP,19,Pin_19,passive,GND,Molex_541324062:CON_541324062_MOL
/USER INTERFACE/,J3,NHD-2.4-240320AF-CSXP,20,Pin_20,passive,GND,Molex_541324062:CON_541324062_MOL
/USER INTERFACE/,J3,NHD-2.4-240320AF-CSXP,21,Pin_21,passive,GND,Molex_541324062:CON_541324062_MOL
/USER INTERFACE/,J3,NHD-2.4-240320AF-CSXP,22,Pin_22,passive,GND,Molex_541324062:CON_541324062_MOL
/USER INTERFACE/,J3,NHD-2.4-240320AF-CSXP,23,Pin_23,passive,GND,Molex_541324062:CON_541324062_MOL
/USER INTERFACE/,J3,NHD-2.4-240320AF-CSXP,24,Pin_24,passive,GND,Molex_541324062:CON_541324062_MOL
/USER INTERFACE/,J3,NHD-2.4-240320AF-CSXP,25,Pin_25,passive,GND,Molex_541324062:CON_541324062_MOL
/USER INTERFACE/,J3,NHD-2.4-240320AF-CSXP,26,Pin_26,passive,GND,Molex_541324062:CON_541324062_MOL
/USER INTERFACE/,J3,NHD-2.4-240320AF-CSXP,27,Pin_27,passive,GND,Molex_541324062:CON_541324062_MOL
/USER INTERFACE/,J3,NHD-2.4-240320AF-CSXP,28,Pin_28,passive,GND,Molex_541324062:CON_541324062_MOL
/USER INTERFACE/,J3,NHD-2.4-240320AF-CSXP,29,Pin_29,passive,GND,Molex_541324062:CON_541324062_MOL
/USER INTERFACE/,J3,NHD-2.4-240320AF-CSXP,30,Pin_30,passive,TFT_RST,Molex_541324062:CON_541324062_MOL
/USER INTERFACE/,J3,NHD-2.4-240320AF-CSXP,31,Pin_31,passive,GND,Molex_541324062:CON_541324062_MOL
/USER INTERFACE/,J3,NHD-2.4-240320AF-CSXP,32,Pin_32,passive,+3.3V,Molex_541324062:CON_541324062_MOL
/USER INTERFACE/,J3,NHD-2.4-240320AF-CSXP,33,Pin_33,passive,+3.3V,Molex_541324062:CON_541324062_MOL
/USER INTERFACE/,J3,NHD-2.4-240320AF-CSXP,34,Pin_34,passive,/USER INTERFACE/BL_K1,Molex_541324062:CON_541324062_MOL
/USER INTERFACE/,J3,NHD-2.4-240320AF-CSXP,35,Pin_35,passive,/USER INTERFACE/BL_K2,Molex_541324062:CON_541324062_MOL
/USER INTERFACE/,J3,NHD-2.4-240320AF-CSXP,36,Pin_36,passive,/USER INTERFACE/BL_K3,Molex_541324062:CON_541324062_MOL
/USER INTERFACE/,J3,NHD-2.4-240320AF-CSXP,37,Pin_37,passive,/USER INTERFACE/BL_K4,Molex_541324062:CON_541324062_MOL
/USER INTERFACE/,J3,NHD-2.4-240320AF-CSXP,38,Pin_38,passive,BACKLIGHT_4V2,Molex_541324062:CON_541324062_MOL
/USER INTERFACE/,J3,NHD-2.4-240320AF-CSXP,39,Pin_39,passive,GND,Molex_541324062:CON_541324062_MOL
/USER INTERFACE/,J3,NHD-2.4-240320AF-CSXP,40,Pin_40,passive,unconnected-(J3-Pin_40-Pad40),Molex_541324062:CON_541324062_MOL
/POWER OUTPUT/,J4,DG142R-5.08-02P-14-00AH,1,OUT_POS,passive,OUT_POS,DG142R-5.08-02P-14-00AH:DG142R-5.08-02P-14-00AH
/POWER OUTPUT/,J4,DG142R-5.08-02P-14-00AH,2,GND,passive,GND,DG142R-5.08-02P-14-00AH:DG142R-5.08-02P-14-00AH
/POWER OUTPUT/,J5,108-0902-001,1,Pin_1,passive,OUT_POS,Power_Output_Custom:Cinch_108-0902-001_Panel
/POWER OUTPUT/,J6,108-0903-001,1,Pin_1,passive,GND,Power_Output_Custom:Cinch_108-0903-001_Panel
/POWER GENERATION/,L1,SRI0704-220M,1,1,passive,/POWER GENERATION/LX_SW,Inductor_SMD:L_7.3x7.3_H4.5
/POWER GENERATION/,L1,SRI0704-220M,2,2,passive,+3.3V,Inductor_SMD:L_7.3x7.3_H4.5
/USER INTERFACE/,L2,2.2uH,1,1,passive,+3.3V,Inductor_SMD:L_Wuerth_MAPI-4030
/USER INTERFACE/,L2,2.2uH,2,2,passive,/USER INTERFACE/BL_BOOST_SW,Inductor_SMD:L_Wuerth_MAPI-4030
/USB_PD_CONTROLLER/,Q1,BSS138,1,G,input,+3.3V,Package_TO_SOT_SMD:SOT-23
/USB_PD_CONTROLLER/,Q1,BSS138,2,S,passive,PD_I2C_SCL_3V3,Package_TO_SOT_SMD:SOT-23
/USB_PD_CONTROLLER/,Q1,BSS138,3,D,passive,PD_I2C_SCL_5V,Package_TO_SOT_SMD:SOT-23
/USB_PD_CONTROLLER/,Q2,BSS138,1,G,input,+3.3V,Package_TO_SOT_SMD:SOT-23
/USB_PD_CONTROLLER/,Q2,BSS138,2,S,passive,PD_I2C_SDA_3V3,Package_TO_SOT_SMD:SOT-23
/USB_PD_CONTROLLER/,Q2,BSS138,3,D,passive,PD_I2C_SDA_5V,Package_TO_SOT_SMD:SOT-23
/USB_PD_CONTROLLER/,Q3,IRF7855TRPBF,1,S,passive,Net-(Q3-S-Pad1),Package_SO:SOIC-8_3.9x4.9mm_P1.27mm
/USB_PD_CONTROLLER/,Q3,IRF7855TRPBF,2,S,passive,Net-(Q3-S-Pad1),Package_SO:SOIC-8_3.9x4.9mm_P1.27mm
/USB_PD_CONTROLLER/,Q3,IRF7855TRPBF,3,S,passive,Net-(Q3-S-Pad1),Package_SO:SOIC-8_3.9x4.9mm_P1.27mm
/USB_PD_CONTROLLER/,Q3,IRF7855TRPBF,4,G,input,/USB_PD_CONTROLLER/PD_GATE,Package_SO:SOIC-8_3.9x4.9mm_P1.27mm
/USB_PD_CONTROLLER/,Q3,IRF7855TRPBF,5,D,passive,PD_VOUT,Package_SO:SOIC-8_3.9x4.9mm_P1.27mm
/USB_PD_CONTROLLER/,Q3,IRF7855TRPBF,6,D,passive,PD_VOUT,Package_SO:SOIC-8_3.9x4.9mm_P1.27mm
/USB_PD_CONTROLLER/,Q3,IRF7855TRPBF,7,D,passive,PD_VOUT,Package_SO:SOIC-8_3.9x4.9mm_P1.27mm
/USB_PD_CONTROLLER/,Q3,IRF7855TRPBF,8,D,passive,PD_VOUT,Package_SO:SOIC-8_3.9x4.9mm_P1.27mm
/USB_PD_CONTROLLER/,Q4,IRF7855TRPBF,1,S,passive,Net-(Q3-S-Pad1),Package_SO:SOIC-8_3.9x4.9mm_P1.27mm
/USB_PD_CONTROLLER/,Q4,IRF7855TRPBF,2,S,passive,Net-(Q3-S-Pad1),Package_SO:SOIC-8_3.9x4.9mm_P1.27mm
/USB_PD_CONTROLLER/,Q4,IRF7855TRPBF,3,S,passive,Net-(Q3-S-Pad1),Package_SO:SOIC-8_3.9x4.9mm_P1.27mm
/USB_PD_CONTROLLER/,Q4,IRF7855TRPBF,4,G,input,/USB_PD_CONTROLLER/PD_GATE,Package_SO:SOIC-8_3.9x4.9mm_P1.27mm
/USB_PD_CONTROLLER/,Q4,IRF7855TRPBF,5,D,passive,PD_VBUS_SENSED,Package_SO:SOIC-8_3.9x4.9mm_P1.27mm
/USB_PD_CONTROLLER/,Q4,IRF7855TRPBF,6,D,passive,PD_VBUS_SENSED,Package_SO:SOIC-8_3.9x4.9mm_P1.27mm
/USB_PD_CONTROLLER/,Q4,IRF7855TRPBF,7,D,passive,PD_VBUS_SENSED,Package_SO:SOIC-8_3.9x4.9mm_P1.27mm
/USB_PD_CONTROLLER/,Q4,IRF7855TRPBF,8,D,passive,PD_VBUS_SENSED,Package_SO:SOIC-8_3.9x4.9mm_P1.27mm
/MCU/,R1,10 kΩ,1,,passive,+3.3V,Resistor_SMD:R_0402_1005Metric
/MCU/,R1,10 kΩ,2,,passive,Net-(U2-EN/CHIP_PU),Resistor_SMD:R_0402_1005Metric
/MCU/,R10,10k,1,,passive,Net-(U2-GPIO9),Resistor_SMD:R_0402_1005Metric
/MCU/,R10,10k,2,,passive,+3.3V,Resistor_SMD:R_0402_1005Metric
/USB_PD_CONTROLLER/,R11,5mR / 1W,1,,passive,USB_VBUS,Resistor_SMD:R_2512_6332Metric
/USB_PD_CONTROLLER/,R11,5mR / 1W,2,,passive,PD_VBUS_SENSED,Resistor_SMD:R_2512_6332Metric
/USB_PD_CONTROLLER/,R12,6.2k,1,,passive,Net-(U1-PWR_EN),Resistor_SMD:R_0402_1005Metric
/USB_PD_CONTROLLER/,R12,6.2k,2,,passive,/USB_PD_CONTROLLER/PD_GATE,Resistor_SMD:R_0402_1005Metric
/USB_PD_CONTROLLER/,R13,100R,1,,passive,Net-(U1-VOUT),Resistor_SMD:R_0402_1005Metric
/USB_PD_CONTROLLER/,R13,100R,2,,passive,PD_VOUT,Resistor_SMD:R_0402_1005Metric
/USB_PD_CONTROLLER/,R14,2.2k,1,,passive,Net-(U1-LED),Resistor_SMD:R_0402_1005Metric
/USB_PD_CONTROLLER/,R14,2.2k,2,,passive,Net-(D1-A),Resistor_SMD:R_0402_1005Metric
/MCU/,R15,22 R,1,,passive,Net-(U2-GPIO8),Resistor_SMD:R_0402_1005Metric
/MCU/,R15,22 R,2,,passive,Net-(R15-Pad2),Resistor_SMD:R_0402_1005Metric
/MCU/,R16,22R,1,,passive,Net-(R16-Pad1),Resistor_SMD:R_0402_1005Metric
/MCU/,R16,22R,2,,passive,Net-(U2-GPIO0/ADC1_CH0/XTAL_32K_P),Resistor_SMD:R_0402_1005Metric
/MCU/,R2,22Ω,1,,passive,Net-(U2-GPIO13/USB_D+),Resistor_SMD:R_0402_1005Metric
/MCU/,R2,22Ω,2,,passive,USB_DP,Resistor_SMD:R_0402_1005Metric
/USB_PD_CONTROLLER/,R21,100K,1,,passive,GND,Resistor_SMD:R_0402_1005Metric
/USB_PD_CONTROLLER/,R21,100K,2,,passive,Net-(U1-VSEL),Resistor_SMD:R_0402_1005Metric
/MCU/,R22,1K,1,,passive,Net-(U4-VBACKUP),Resistor_SMD:R_0402_1005Metric
/MCU/,R22,1K,2,,passive,Net-(BT1-+),Resistor_SMD:R_0402_1005Metric
/MCU/,R23,10k,1,,passive,Net-(U4-EVI),Resistor_SMD:R_0402_1005Metric
/MCU/,R23,10k,2,,passive,GND,Resistor_SMD:R_0402_1005Metric
/MCU/,R24,"4,7k",1,,passive,+3.3V,Resistor_SMD:R_0402_1005Metric
/MCU/,R24,"4,7k",2,,passive,/MCU/RTC_INT,Resistor_SMD:R_0402_1005Metric
/MCU/,R25,4.7k,1,,passive,+3.3V,Resistor_SMD:R_0402_1005Metric
/MCU/,R25,4.7k,2,,passive,/MCU/RTC_SCL,Resistor_SMD:R_0402_1005Metric
/MCU/,R26,4.7K,1,,passive,/MCU/RTC_SDA,Resistor_SMD:R_0402_1005Metric
/MCU/,R26,4.7K,2,,passive,+3.3V,Resistor_SMD:R_0402_1005Metric
/POWER SENSING/,R27,10K,1,,passive,+3.3V,Resistor_SMD:R_0402_1005Metric
/POWER SENSING/,R27,10K,2,,passive,INA_ALERT,Resistor_SMD:R_0402_1005Metric
/USER INTERFACE/,R28,100R,1,,passive,TFT_BL_PWM,Resistor_SMD:R_0402_1005Metric
/USER INTERFACE/,R28,100R,2,,passive,Net-(U8-EN_PWM),Resistor_SMD:R_0402_1005Metric
/USER INTERFACE/,R29,100kR,1,,passive,Net-(U8-EN_PWM),Resistor_SMD:R_0402_1005Metric
/USER INTERFACE/,R29,100kR,2,,passive,GND,Resistor_SMD:R_0402_1005Metric
/MCU/,R3,22Ω,1,,passive,Net-(U2-GPIO12/USB_D-),Resistor_SMD:R_0402_1005Metric
/MCU/,R3,22Ω,2,,passive,USB_DM,Resistor_SMD:R_0402_1005Metric
/USER INTERFACE/,R34,10k,1,,passive,+3.3V,Resistor_SMD:R_0402_1005Metric
/USER INTERFACE/,R34,10k,2,,passive,ENCODER_A,Resistor_SMD:R_0402_1005Metric
/USER INTERFACE/,R35,10k,1,,passive,+3.3V,Resistor_SMD:R_0402_1005Metric
/USER INTERFACE/,R35,10k,2,,passive,ENCODER_B,Resistor_SMD:R_0402_1005Metric
/USER INTERFACE/,R36,10k,1,,passive,+3.3V,Resistor_SMD:R_0402_1005Metric
/USER INTERFACE/,R36,10k,2,,passive,ENCODER_SW,Resistor_SMD:R_0402_1005Metric
/MCU/,R37,10kR,1,,passive,+3.3V,Resistor_SMD:R_0402_1005Metric
/MCU/,R37,10kR,2,,passive,Net-(U2-GPIO8),Resistor_SMD:R_0402_1005Metric
/POWER GENERATION/,R38,100kR 1%,1,,passive,/POWER GENERATION/FSW_SET,Resistor_SMD:R_0402_1005Metric
/POWER GENERATION/,R38,100kR 1%,2,,passive,GND,Resistor_SMD:R_0402_1005Metric
/POWER GENERATION/,R39,10kR 0.1%,1,,passive,+3.3V,Resistor_SMD:R_0402_1005Metric
/POWER GENERATION/,R39,10kR 0.1%,2,,passive,/POWER GENERATION/FB_3V3,Resistor_SMD:R_0402_1005Metric
/USB_PD_CONTROLLER/,R4,4.7 kΩ,1,,passive,PD_I2C_SCL_3V3,Resistor_SMD:R_0402_1005Metric
/USB_PD_CONTROLLER/,R4,4.7 kΩ,2,,passive,+3.3V,Resistor_SMD:R_0402_1005Metric
/POWER GENERATION/,R40,3.20kR 0.1%,1,,passive,/POWER GENERATION/FB_3V3,Resistor_SMD:R_0402_1005Metric
/POWER GENERATION/,R40,3.20kR 0.1%,2,,passive,GND,Resistor_SMD:R_0402_1005Metric
/POWER GENERATION/,R41,12.7kR 1%,1,,passive,/POWER GENERATION/COMP_NODE,Resistor_SMD:R_0402_1005Metric
/POWER GENERATION/,R41,12.7kR 1%,2,,passive,Net-(C19-Pad1),Resistor_SMD:R_0402_1005Metric
/POWER GENERATION/,R42,100kR,1,,passive,/POWER GENERATION/EN_CTRL,Resistor_SMD:R_0402_1005Metric
/POWER GENERATION/,R42,100kR,2,,passive,GND,Resistor_SMD:R_0402_1005Metric
/POWER GENERATION/,R43,1kR / 2W,1,,passive,PD_VOUT,Resistor_SMD:R_2512_6332Metric
/POWER GENERATION/,R43,1kR / 2W,2,,passive,/POWER GENERATION/EN_CTRL,Resistor_SMD:R_2512_6332Metric
/USER INTERFACE/,R44,604kR 0.1%,1,,passive,BACKLIGHT_4V2,Resistor_SMD:R_0402_1005Metric
/USER INTERFACE/,R44,604kR 0.1%,2,,passive,/USER INTERFACE/BL_BOOST_FB,Resistor_SMD:R_0402_1005Metric
/USER INTERFACE/,R45,100kR 0.1%,1,,passive,/USER INTERFACE/BL_BOOST_FB,Resistor_SMD:R_0402_1005Metric
/USER INTERFACE/,R45,100kR 0.1%,2,,passive,GND,Resistor_SMD:R_0402_1005Metric
/USER INTERFACE/,R46,3.24kR 0.1%,1,,passive,Net-(U8-RSET),Resistor_SMD:R_0402_1005Metric
/USER INTERFACE/,R46,3.24kR 0.1%,2,,passive,GND,Resistor_SMD:R_0402_1005Metric
/USB_PD_CONTROLLER/,R5,4.7kΩ,1,,passive,PD_5V,Resistor_SMD:R_0402_1005Metric
/USB_PD_CONTROLLER/,R5,4.7kΩ,2,,passive,PD_I2C_SCL_5V,Resistor_SMD:R_0402_1005Metric
/USB_PD_CONTROLLER/,R6,4.7 k,1,,passive,PD_5V,Resistor_SMD:R_0402_1005Metric
/USB_PD_CONTROLLER/,R6,4.7 k,2,,passive,PD_I2C_SDA_5V,Resistor_SMD:R_0402_1005Metric
/USB_PD_CONTROLLER/,R7,4.7k,1,,passive,+3.3V,Resistor_SMD:R_0402_1005Metric
/USB_PD_CONTROLLER/,R7,4.7k,2,,passive,PD_I2C_SDA_3V3,Resistor_SMD:R_0402_1005Metric
/USB_PD_CONTROLLER/,R8,12k,1,,passive,PD_INT_5V,Resistor_SMD:R_0402_1005Metric
/USB_PD_CONTROLLER/,R8,12k,2,,passive,PD_INT_3V3,Resistor_SMD:R_0402_1005Metric
/USB_PD_CONTROLLER/,R9,20k,1,,passive,PD_INT_3V3,Resistor_SMD:R_0402_1005Metric
/USB_PD_CONTROLLER/,R9,20k,2,,passive,GND,Resistor_SMD:R_0402_1005Metric
/POWER SENSING/,RShunt,5mR / 1W,1,,passive,PD_VOUT,Resistor_SMD:R_2512_6332Metric
/POWER SENSING/,RShunt,5mR / 1W,2,,passive,OUT_POS,Resistor_SMD:R_2512_6332Metric
/MCU/,SW1,BOOT / PTS810,1,1,passive,GND,Button_Switch_SMD:SW_SPST_PTS810
/MCU/,SW1,BOOT / PTS810,2,2,passive,Net-(U2-GPIO9),Button_Switch_SMD:SW_SPST_PTS810
/MCU/,SW2,RESET / PTS810,1,1,passive,GND,Button_Switch_SMD:SW_SPST_PTS810
/MCU/,SW2,RESET / PTS810,2,2,passive,Net-(U2-EN/CHIP_PU),Button_Switch_SMD:SW_SPST_PTS810
/USER INTERFACE/,SW3,L-KLS4-EC12-012424-W,1,A,passive,ENCODER_A,L-KLS4-EC12-012424-W:L-KLS4-EC12-012424-W
/USER INTERFACE/,SW3,L-KLS4-EC12-012424-W,2,C,passive,GND,L-KLS4-EC12-012424-W:L-KLS4-EC12-012424-W
/USER INTERFACE/,SW3,L-KLS4-EC12-012424-W,3,B,passive,ENCODER_B,L-KLS4-EC12-012424-W:L-KLS4-EC12-012424-W
/USER INTERFACE/,SW3,L-KLS4-EC12-012424-W,4,S1,passive,ENCODER_SW,L-KLS4-EC12-012424-W:L-KLS4-EC12-012424-W
/USER INTERFACE/,SW3,L-KLS4-EC12-012424-W,5,S2,passive,GND,L-KLS4-EC12-012424-W:L-KLS4-EC12-012424-W
/USB_PD_CONTROLLER/,TH1,TSM0B103F3381RZ / 10k NTC,1,,passive,GND,Resistor_SMD:R_0402_1005Metric
/USB_PD_CONTROLLER/,TH1,TSM0B103F3381RZ / 10k NTC,2,,passive,Net-(U1-OTP),Resistor_SMD:R_0402_1005Metric
/USB_PD_CONTROLLER/,TP1,TestPoint,1,1,passive,USB_VBUS,TestPoint:TestPoint_Pad_D1.0mm
/MCU/,TP10,TestPoint,1,1,passive,Net-(R16-Pad1),TestPoint:TestPoint_Pad_D1.0mm
/USB_PD_CONTROLLER/,TP2,TestPoint,1,1,passive,PD_VBUS_SENSED,TestPoint:TestPoint_Pad_D1.0mm
/USB_PD_CONTROLLER/,TP3,TestPoint,1,1,passive,PD_VOUT,TestPoint:TestPoint_Pad_D1.0mm
/USB_PD_CONTROLLER/,TP4,TestPoint,1,1,passive,PD_5V,TestPoint:TestPoint_Pad_D1.0mm
/USB_PD_CONTROLLER/,TP5,TestPoint,1,1,passive,/USB_PD_CONTROLLER/PD_GATE,TestPoint:TestPoint_Pad_D1.0mm
/MCU/,TP6,TestPoint,1,1,passive,PD_I2C_SCL_3V3,TestPoint:TestPoint_Pad_D1.0mm
/MCU/,TP7,TestPoint,1,1,passive,PD_I2C_SDA_3V3,TestPoint:TestPoint_Pad_D1.0mm
/MCU/,TP8,TestPoint,1,1,passive,PD_INT_3V3,TestPoint:TestPoint_Pad_D1.0mm
/MCU/,TP9,TestPoint,1,1,passive,Net-(R15-Pad2),TestPoint:TestPoint_Pad_D1.0mm
/USB_PD_CONTROLLER/,U1,AP33772SDKZ-13-FA02,1,ISENP,input,USB_VBUS,Package_DFN_QFN:Texas_RTW_WQFN-24-1EP_4x4mm_P0.5mm_EP2.7x2.7mm
/USB_PD_CONTROLLER/,U1,AP33772SDKZ-13-FA02,2,NC,no_connect,unconnected-(U1-NC-Pad2),Package_DFN_QFN:Texas_RTW_WQFN-24-1EP_4x4mm_P0.5mm_EP2.7x2.7mm
/USB_PD_CONTROLLER/,U1,AP33772SDKZ-13-FA02,3,GND,power_in,GND,Package_DFN_QFN:Texas_RTW_WQFN-24-1EP_4x4mm_P0.5mm_EP2.7x2.7mm
/USB_PD_CONTROLLER/,U1,AP33772SDKZ-13-FA02,4,SDA,bidirectional,PD_I2C_SDA_5V,Package_DFN_QFN:Texas_RTW_WQFN-24-1EP_4x4mm_P0.5mm_EP2.7x2.7mm
/USB_PD_CONTROLLER/,U1,AP33772SDKZ-13-FA02,5,SCL,input,PD_I2C_SCL_5V,Package_DFN_QFN:Texas_RTW_WQFN-24-1EP_4x4mm_P0.5mm_EP2.7x2.7mm
/USB_PD_CONTROLLER/,U1,AP33772SDKZ-13-FA02,6,FLIP,output,unconnected-(U1-FLIP-Pad6),Package_DFN_QFN:Texas_RTW_WQFN-24-1EP_4x4mm_P0.5mm_EP2.7x2.7mm
/USB_PD_CONTROLLER/,U1,AP33772SDKZ-13-FA02,7,GPIO,bidirectional,unconnected-(U1-GPIO-Pad7),Package_DFN_QFN:Texas_RTW_WQFN-24-1EP_4x4mm_P0.5mm_EP2.7x2.7mm
/USB_PD_CONTROLLER/,U1,AP33772SDKZ-13-FA02,8,LED,output,Net-(U1-LED),Package_DFN_QFN:Texas_RTW_WQFN-24-1EP_4x4mm_P0.5mm_EP2.7x2.7mm
/USB_PD_CONTROLLER/,U1,AP33772SDKZ-13-FA02,9,INT,output,PD_INT_5V,Package_DFN_QFN:Texas_RTW_WQFN-24-1EP_4x4mm_P0.5mm_EP2.7x2.7mm
/USB_PD_CONTROLLER/,U1,AP33772SDKZ-13-FA02,10,NC,no_connect,unconnected-(U1-NC-Pad10),Package_DFN_QFN:Texas_RTW_WQFN-24-1EP_4x4mm_P0.5mm_EP2.7x2.7mm
/USB_PD_CONTROLLER/,U1,AP33772SDKZ-13-FA02,11,VSEL,input,Net-(U1-VSEL),Package_DFN_QFN:Texas_RTW_WQFN-24-1EP_4x4mm_P0.5mm_EP2.7x2.7mm
/USB_PD_CONTROLLER/,U1,AP33772SDKZ-13-FA02,12,V18,output,Net-(U1-V18),Package_DFN_QFN:Texas_RTW_WQFN-24-1EP_4x4mm_P0.5mm_EP2.7x2.7mm
/USB_PD_CONTROLLER/,U1,AP33772SDKZ-13-FA02,13,OTP,passive,Net-(U1-OTP),Package_DFN_QFN:Texas_RTW_WQFN-24-1EP_4x4mm_P0.5mm_EP2.7x2.7mm
/USB_PD_CONTROLLER/,U1,AP33772SDKZ-13-FA02,14,NC,no_connect,unconnected-(U1-NC-Pad14),Package_DFN_QFN:Texas_RTW_WQFN-24-1EP_4x4mm_P0.5mm_EP2.7x2.7mm
/USB_PD_CONTROLLER/,U1,AP33772SDKZ-13-FA02,15,IFB,passive,Net-(U1-IFB),Package_DFN_QFN:Texas_RTW_WQFN-24-1EP_4x4mm_P0.5mm_EP2.7x2.7mm
/USB_PD_CONTROLLER/,U1,AP33772SDKZ-13-FA02,16,CC2,bidirectional,USB_CC2,Package_DFN_QFN:Texas_RTW_WQFN-24-1EP_4x4mm_P0.5mm_EP2.7x2.7mm
/USB_PD_CONTROLLER/,U1,AP33772SDKZ-13-FA02,17,CC1,bidirectional,USB_CC1,Package_DFN_QFN:Texas_RTW_WQFN-24-1EP_4x4mm_P0.5mm_EP2.7x2.7mm
/USB_PD_CONTROLLER/,U1,AP33772SDKZ-13-FA02,18,DN,bidirectional,unconnected-(U1-DN-Pad18),Package_DFN_QFN:Texas_RTW_WQFN-24-1EP_4x4mm_P0.5mm_EP2.7x2.7mm
/USB_PD_CONTROLLER/,U1,AP33772SDKZ-13-FA02,19,DP,bidirectional,unconnected-(U1-DP-Pad19),Package_DFN_QFN:Texas_RTW_WQFN-24-1EP_4x4mm_P0.5mm_EP2.7x2.7mm
/USB_PD_CONTROLLER/,U1,AP33772SDKZ-13-FA02,20,V5V,passive,PD_5V,Package_DFN_QFN:Texas_RTW_WQFN-24-1EP_4x4mm_P0.5mm_EP2.7x2.7mm
/USB_PD_CONTROLLER/,U1,AP33772SDKZ-13-FA02,21,NC,no_connect,unconnected-(U1-NC-Pad21),Package_DFN_QFN:Texas_RTW_WQFN-24-1EP_4x4mm_P0.5mm_EP2.7x2.7mm
/USB_PD_CONTROLLER/,U1,AP33772SDKZ-13-FA02,22,VOUT,input,Net-(U1-VOUT),Package_DFN_QFN:Texas_RTW_WQFN-24-1EP_4x4mm_P0.5mm_EP2.7x2.7mm
/USB_PD_CONTROLLER/,U1,AP33772SDKZ-13-FA02,23,PWR_EN,output,Net-(U1-PWR_EN),Package_DFN_QFN:Texas_RTW_WQFN-24-1EP_4x4mm_P0.5mm_EP2.7x2.7mm
/USB_PD_CONTROLLER/,U1,AP33772SDKZ-13-FA02,24,VCC,power_in,PD_VBUS_SENSED,Package_DFN_QFN:Texas_RTW_WQFN-24-1EP_4x4mm_P0.5mm_EP2.7x2.7mm
/USB_PD_CONTROLLER/,U1,AP33772SDKZ-13-FA02,25,GND,passive,GND,Package_DFN_QFN:Texas_RTW_WQFN-24-1EP_4x4mm_P0.5mm_EP2.7x2.7mm
/MCU/,U2,ESP32-C6-WROOM-1,1,GND,power_in,GND,PCM_Espressif:ESP32-C6-WROOM-1
/MCU/,U2,ESP32-C6-WROOM-1,2,3V3,power_in,+3.3V,PCM_Espressif:ESP32-C6-WROOM-1
/MCU/,U2,ESP32-C6-WROOM-1,3,EN/CHIP_PU,input,Net-(U2-EN/CHIP_PU),PCM_Espressif:ESP32-C6-WROOM-1
/MCU/,U2,ESP32-C6-WROOM-1,4,MTMS/GPIO4/ADC1_CH4,bidirectional,TFT_SCLK,PCM_Espressif:ESP32-C6-WROOM-1
/MCU/,U2,ESP32-C6-WROOM-1,5,MTDI/GPIO5/ADC1_CH5,bidirectional,TFT_MOSI,PCM_Espressif:ESP32-C6-WROOM-1
/MCU/,U2,ESP32-C6-WROOM-1,6,MTCK/GPIO6/ADC1_CH6,bidirectional,/MCU/RTC_SDA,PCM_Espressif:ESP32-C6-WROOM-1
/MCU/,U2,ESP32-C6-WROOM-1,7,MTDO/GPIO7,bidirectional,/MCU/RTC_SCL,PCM_Espressif:ESP32-C6-WROOM-1
/MCU/,U2,ESP32-C6-WROOM-1,8,GPIO0/ADC1_CH0/XTAL_32K_P,bidirectional,Net-(U2-GPIO0/ADC1_CH0/XTAL_32K_P),PCM_Espressif:ESP32-C6-WROOM-1
/MCU/,U2,ESP32-C6-WROOM-1,9,GPIO1/ADC1_CH1/XTAL_32K_N,bidirectional,TFT_BL_PWM,PCM_Espressif:ESP32-C6-WROOM-1
/MCU/,U2,ESP32-C6-WROOM-1,10,GPIO8,bidirectional,Net-(U2-GPIO8),PCM_Espressif:ESP32-C6-WROOM-1
/MCU/,U2,ESP32-C6-WROOM-1,11,GPIO10,bidirectional,TFT_CS,PCM_Espressif:ESP32-C6-WROOM-1
/MCU/,U2,ESP32-C6-WROOM-1,12,GPIO11,bidirectional,TFT_DC,PCM_Espressif:ESP32-C6-WROOM-1
/MCU/,U2,ESP32-C6-WROOM-1,13,GPIO12/USB_D-,bidirectional,Net-(U2-GPIO12/USB_D-),PCM_Espressif:ESP32-C6-WROOM-1
/MCU/,U2,ESP32-C6-WROOM-1,14,GPIO13/USB_D+,bidirectional,Net-(U2-GPIO13/USB_D+),PCM_Espressif:ESP32-C6-WROOM-1
/MCU/,U2,ESP32-C6-WROOM-1,15,GPIO9,bidirectional,Net-(U2-GPIO9),PCM_Espressif:ESP32-C6-WROOM-1
/MCU/,U2,ESP32-C6-WROOM-1,16,GPIO18,bidirectional,PD_I2C_SCL_3V3,PCM_Espressif:ESP32-C6-WROOM-1
/MCU/,U2,ESP32-C6-WROOM-1,17,GPIO19,bidirectional,PD_I2C_SDA_3V3,PCM_Espressif:ESP32-C6-WROOM-1
/MCU/,U2,ESP32-C6-WROOM-1,18,GPIO20,bidirectional,PD_INT_3V3,PCM_Espressif:ESP32-C6-WROOM-1
/MCU/,U2,ESP32-C6-WROOM-1,19,GPIO21,bidirectional,ENCODER_SW,PCM_Espressif:ESP32-C6-WROOM-1
/MCU/,U2,ESP32-C6-WROOM-1,20,GPIO22,bidirectional,ENCODER_A,PCM_Espressif:ESP32-C6-WROOM-1
/MCU/,U2,ESP32-C6-WROOM-1,21,GPIO23,bidirectional,ENCODER_B,PCM_Espressif:ESP32-C6-WROOM-1
/MCU/,U2,ESP32-C6-WROOM-1,22,NC,no_connect,unconnected-(U2-NC-Pad22),PCM_Espressif:ESP32-C6-WROOM-1
/MCU/,U2,ESP32-C6-WROOM-1,23,GPIO15,bidirectional,TFT_RST,PCM_Espressif:ESP32-C6-WROOM-1
/MCU/,U2,ESP32-C6-WROOM-1,24,U0RXD/GPIO17,bidirectional,/MCU/UART_RX,PCM_Espressif:ESP32-C6-WROOM-1
/MCU/,U2,ESP32-C6-WROOM-1,25,U0TXD/GPIO16,bidirectional,/MCU/UART_TX,PCM_Espressif:ESP32-C6-WROOM-1
/MCU/,U2,ESP32-C6-WROOM-1,26,GPIO3/ADC1_CH3,bidirectional,INA_ALERT,PCM_Espressif:ESP32-C6-WROOM-1
/MCU/,U2,ESP32-C6-WROOM-1,27,GPIO2/ADC1_CH2,bidirectional,/MCU/RTC_INT,PCM_Espressif:ESP32-C6-WROOM-1
/MCU/,U2,ESP32-C6-WROOM-1,28,GND,passive,GND,PCM_Espressif:ESP32-C6-WROOM-1
/MCU/,U2,ESP32-C6-WROOM-1,29,GND,passive,GND,PCM_Espressif:ESP32-C6-WROOM-1
/POWER SENSING/,U3,INA228,1,A1,input,GND,Package_SO:TSSOP-10_3x3mm_P0.5mm
/POWER SENSING/,U3,INA228,2,A0,input,GND,Package_SO:TSSOP-10_3x3mm_P0.5mm
/POWER SENSING/,U3,INA228,3,~{Alert},open_collector,INA_ALERT,Package_SO:TSSOP-10_3x3mm_P0.5mm
/POWER SENSING/,U3,INA228,4,SDA,bidirectional,PD_I2C_SDA_3V3,Package_SO:TSSOP-10_3x3mm_P0.5mm
/POWER SENSING/,U3,INA228,5,SCL,input,PD_I2C_SCL_3V3,Package_SO:TSSOP-10_3x3mm_P0.5mm
/POWER SENSING/,U3,INA228,6,VS,power_in,+3.3V,Package_SO:TSSOP-10_3x3mm_P0.5mm
/POWER SENSING/,U3,INA228,7,GND,power_in,GND,Package_SO:TSSOP-10_3x3mm_P0.5mm
/POWER SENSING/,U3,INA228,8,Vbus,input,OUT_POS,Package_SO:TSSOP-10_3x3mm_P0.5mm
/POWER SENSING/,U3,INA228,9,Vin-,input,OUT_POS,Package_SO:TSSOP-10_3x3mm_P0.5mm
/POWER SENSING/,U3,INA228,10,Vin+,input,PD_VOUT,Package_SO:TSSOP-10_3x3mm_P0.5mm
/MCU/,U4,RV-3028-C7,1,CLKOUT,output,unconnected-(U4-CLKOUT-Pad1),Package_SON:MicroCrystal_C7_SON-8_1.5x3.2mm_P0.9mm
/MCU/,U4,RV-3028-C7,2,~{INT},open_collector,/MCU/RTC_INT,Package_SON:MicroCrystal_C7_SON-8_1.5x3.2mm_P0.9mm
/MCU/,U4,RV-3028-C7,3,SCL,input,/MCU/RTC_SCL,Package_SON:MicroCrystal_C7_SON-8_1.5x3.2mm_P0.9mm
/MCU/,U4,RV-3028-C7,4,SDA,bidirectional,/MCU/RTC_SDA,Package_SON:MicroCrystal_C7_SON-8_1.5x3.2mm_P0.9mm
/MCU/,U4,RV-3028-C7,5,VSS,power_in,GND,Package_SON:MicroCrystal_C7_SON-8_1.5x3.2mm_P0.9mm
/MCU/,U4,RV-3028-C7,6,VBACKUP,power_in,Net-(U4-VBACKUP),Package_SON:MicroCrystal_C7_SON-8_1.5x3.2mm_P0.9mm
/MCU/,U4,RV-3028-C7,7,VDD,power_in,+3.3V,Package_SON:MicroCrystal_C7_SON-8_1.5x3.2mm_P0.9mm
/MCU/,U4,RV-3028-C7,8,EVI,input,Net-(U4-EVI),Package_SON:MicroCrystal_C7_SON-8_1.5x3.2mm_P0.9mm
/POWER GENERATION/,U5,AOZ1284PI,1,LX,power_out,/POWER GENERATION/LX_SW,Package_SO:SOIC-8-1EP_3.9x4.9mm_P1.27mm_EP2.71x3.7mm
/POWER GENERATION/,U5,AOZ1284PI,2,BST,input,Net-(U5-BST),Package_SO:SOIC-8-1EP_3.9x4.9mm_P1.27mm_EP2.71x3.7mm
/POWER GENERATION/,U5,AOZ1284PI,3,GND,power_in,GND,Package_SO:SOIC-8-1EP_3.9x4.9mm_P1.27mm_EP2.71x3.7mm
/POWER GENERATION/,U5,AOZ1284PI,4,FSW,input,/POWER GENERATION/FSW_SET,Package_SO:SOIC-8-1EP_3.9x4.9mm_P1.27mm_EP2.71x3.7mm
/POWER GENERATION/,U5,AOZ1284PI,5,COMP,input,/POWER GENERATION/COMP_NODE,Package_SO:SOIC-8-1EP_3.9x4.9mm_P1.27mm_EP2.71x3.7mm
/POWER GENERATION/,U5,AOZ1284PI,6,FB,input,/POWER GENERATION/FB_3V3,Package_SO:SOIC-8-1EP_3.9x4.9mm_P1.27mm_EP2.71x3.7mm
/POWER GENERATION/,U5,AOZ1284PI,7,SS,input,/POWER GENERATION/SS_RAMP,Package_SO:SOIC-8-1EP_3.9x4.9mm_P1.27mm_EP2.71x3.7mm
/POWER GENERATION/,U5,AOZ1284PI,8,EN,input,/POWER GENERATION/EN_CTRL,Package_SO:SOIC-8-1EP_3.9x4.9mm_P1.27mm_EP2.71x3.7mm
/POWER GENERATION/,U5,AOZ1284PI,9,VIN,power_in,PD_VOUT,Package_SO:SOIC-8-1EP_3.9x4.9mm_P1.27mm_EP2.71x3.7mm
/POWER GENERATION/,U6,TL431BIDBZR,1,K,passive,/POWER GENERATION/EN_CTRL,Package_TO_SOT_SMD:SOT-23
/POWER GENERATION/,U6,TL431BIDBZR,2,REF,passive,/POWER GENERATION/EN_CTRL,Package_TO_SOT_SMD:SOT-23
/POWER GENERATION/,U6,TL431BIDBZR,3,A,passive,GND,Package_TO_SOT_SMD:SOT-23
/USER INTERFACE/,U7,TPS61023DRLR,1,FB,input,/USER INTERFACE/BL_BOOST_FB,Package_TO_SOT_SMD:SOT-563
/USER INTERFACE/,U7,TPS61023DRLR,2,EN,input,+3.3V,Package_TO_SOT_SMD:SOT-563
/USER INTERFACE/,U7,TPS61023DRLR,3,VIN,power_in,+3.3V,Package_TO_SOT_SMD:SOT-563
/USER INTERFACE/,U7,TPS61023DRLR,4,GND,power_in,GND,Package_TO_SOT_SMD:SOT-563
/USER INTERFACE/,U7,TPS61023DRLR,5,SW,passive,/USER INTERFACE/BL_BOOST_SW,Package_TO_SOT_SMD:SOT-563
/USER INTERFACE/,U7,TPS61023DRLR,6,VOUT,power_out,BACKLIGHT_4V2,Package_TO_SOT_SMD:SOT-563
/USER INTERFACE/,U8,CAT4104V-GT3,1,LED1,passive,/USER INTERFACE/BL_K1,Package_SO:SOIC-8_3.9x4.9mm_P1.27mm
/USER INTERFACE/,U8,CAT4104V-GT3,2,LED2,passive,/USER INTERFACE/BL_K2,Package_SO:SOIC-8_3.9x4.9mm_P1.27mm
/USER INTERFACE/,U8,CAT4104V-GT3,3,LED3,passive,/USER INTERFACE/BL_K3,Package_SO:SOIC-8_3.9x4.9mm_P1.27mm
/USER INTERFACE/,U8,CAT4104V-GT3,4,LED4,passive,/USER INTERFACE/BL_K4,Package_SO:SOIC-8_3.9x4.9mm_P1.27mm
/USER INTERFACE/,U8,CAT4104V-GT3,5,GND,power_in,GND,Package_SO:SOIC-8_3.9x4.9mm_P1.27mm
/USER INTERFACE/,U8,CAT4104V-GT3,6,EN_PWM,input,Net-(U8-EN_PWM),Package_SO:SOIC-8_3.9x4.9mm_P1.27mm
/USER INTERFACE/,U8,CAT4104V-GT3,7,VIN,power_in,BACKLIGHT_4V2,Package_SO:SOIC-8_3.9x4.9mm_P1.27mm
/USER INTERFACE/,U8,CAT4104V-GT3,8,RSET,passive,Net-(U8-RSET),Package_SO:SOIC-8_3.9x4.9mm_P1.27mm
/USB_C_INPUT/,U9,TPD4E05U06QDQARQ1,1,D1+,bidirectional,USB_DP,USB_ESD:antmicro_tpd4e05u06qdqarq1
/USB_C_INPUT/,U9,TPD4E05U06QDQARQ1,2,D1-,bidirectional,USB_DM,USB_ESD:antmicro_tpd4e05u06qdqarq1
/USB_C_INPUT/,U9,TPD4E05U06QDQARQ1,3,GND,power_in,GND,USB_ESD:antmicro_tpd4e05u06qdqarq1
/USB_C_INPUT/,U9,TPD4E05U06QDQARQ1,4,D2+,bidirectional,unconnected-(U9-D2+-Pad4),USB_ESD:antmicro_tpd4e05u06qdqarq1
/USB_C_INPUT/,U9,TPD4E05U06QDQARQ1,5,D2-,bidirectional,unconnected-(U9-D2--Pad5),USB_ESD:antmicro_tpd4e05u06qdqarq1
/USB_C_INPUT/,U9,TPD4E05U06QDQARQ1,6,NC,no_connect,unconnected-(U9-NC-Pad6),USB_ESD:antmicro_tpd4e05u06qdqarq1
/USB_C_INPUT/,U9,TPD4E05U06QDQARQ1,7,NC,no_connect,unconnected-(U9-NC-Pad7),USB_ESD:antmicro_tpd4e05u06qdqarq1
/USB_C_INPUT/,U9,TPD4E05U06QDQARQ1,8,GND,power_in,GND,USB_ESD:antmicro_tpd4e05u06qdqarq1
/USB_C_INPUT/,U9,TPD4E05U06QDQARQ1,9,NC,no_connect,unconnected-(U9-NC-Pad9),USB_ESD:antmicro_tpd4e05u06qdqarq1
/USB_C_INPUT/,U9,TPD4E05U06QDQARQ1,10,NC,no_connect,unconnected-(U9-NC-Pad10),USB_ESD:antmicro_tpd4e05u06qdqarq1
